{"elements":[{"from":[0.32487392,13.388354,4.4476113],"to":[6.7534456,19.102642,13.694263],"rotation":{"angle":22.5,"axis":"z","origin":[8.036428,16.147259,9.073246]},"faces":{"east":{"uv":[9.3125,7.25,10.3125,7.875],"rotation":0,"texture":"#0","tintindex":0},"south":{"uv":[11.625,0.8125,12.3125,1.4375],"rotation":0,"texture":"#0","tintindex":0},"north":{"uv":[11.5,1.625,12.1875,2.25],"rotation":0,"texture":"#0","tintindex":0},"west":{"uv":[5.75,9.375,6.75,10.0],"rotation":0,"texture":"#0","tintindex":0},"up":{"uv":[9.1875,5.0,8.5,4.0],"rotation":0,"texture":"#0","tintindex":0},"down":{"uv":[2.875,8.5625,2.1875,9.5625],"rotation":0,"texture":"#0","tintindex":0}}},{"from":[1.4812684,13.092566,4.4866743],"to":[7.90984,18.80685,13.681989],"rotation":{"angle":0.0,"axis":"y","origin":[8.036428,16.147259,9.073246]},"faces":{"east":{"uv":[9.375,7.875,10.375,8.5],"rotation":0,"texture":"#0","tintindex":0},"south":{"uv":[11.4375,11.625,12.125,12.25],"rotation":0,"texture":"#0","tintindex":0},"north":{"uv":[11.625,5.75,12.3125,6.375],"rotation":0,"texture":"#0","tintindex":0},"west":{"uv":[9.375,8.5,10.375,9.125],"rotation":0,"texture":"#0","tintindex":0},"up":{"uv":[8.6875,9.5625,8.0,8.5625],"rotation":0,"texture":"#0","tintindex":0},"down":{"uv":[9.3125,6.875,8.625,7.875],"rotation":0,"texture":"#0","tintindex":0}}},{"from":[8.086434,13.092566,4.4866743],"to":[14.515006,18.80685,13.681989],"rotation":{"angle":0.0,"axis":"y","origin":[8.036428,16.147259,9.073246]},"faces":{"east":{"uv":[9.375,9.125,10.375,9.75],"rotation":0,"texture":"#0","tintindex":0},"south":{"uv":[8.875,11.6875,9.5625,12.3125],"rotation":0,"texture":"#0","tintindex":0},"north":{"uv":[11.6875,0.0,12.375,0.625],"rotation":0,"texture":"#0","tintindex":0},"west":{"uv":[4.5,9.4375,5.5,10.0625],"rotation":0,"texture":"#0","tintindex":0},"up":{"uv":[9.375,8.875,8.6875,7.875],"rotation":0,"texture":"#0","tintindex":0},"down":{"uv":[7.75,8.875,7.0625,9.875],"rotation":0,"texture":"#0","tintindex":0}}},{"from":[9.254555,13.329412,4.4476113],"to":[15.683126,19.043697,13.694263],"rotation":{"angle":-22.5,"axis":"z","origin":[8.036428,16.147259,9.073246]},"faces":{"east":{"uv":[9.625,4.8125,10.625,5.4375],"rotation":0,"texture":"#0","tintindex":0},"south":{"uv":[10.4375,11.75,11.125,12.375],"rotation":0,"texture":"#0","tintindex":0},"north":{"uv":[3.5625,11.75,4.25,12.375],"rotation":0,"texture":"#0","tintindex":0},"west":{"uv":[9.375,9.75,10.375,10.375],"rotation":0,"texture":"#0","tintindex":0},"up":{"uv":[9.375,9.875,8.6875,8.875],"rotation":0,"texture":"#0","tintindex":0},"down":{"uv":[9.625,5.0,8.9375,6.0],"rotation":0,"texture":"#0","tintindex":0}}},{"from":[7.5334687,21.588463,3.4995084],"to":[12.676326,26.30275,14.642366],"rotation":{"angle":-22.5,"axis":"z","origin":[8.036428,16.147259,9.073246]},"faces":{"east":{"uv":[9.625,5.4375,10.875,5.9375],"rotation":0,"texture":"#0","tintindex":0},"south":{"uv":[12.75,11.4375,13.3125,11.9375],"rotation":0,"texture":"#0","tintindex":0},"north":{"uv":[0.0,9.5,0.5625,10.0],"rotation":0,"texture":"#0","tintindex":0},"west":{"uv":[9.8125,0.0,11.0625,0.5],"rotation":0,"texture":"#0","tintindex":0},"up":{"uv":[2.1875,9.25,1.625,8.0],"rotation":0,"texture":"#0","tintindex":0},"down":{"uv":[5.75,8.1875,5.1875,9.4375],"rotation":0,"texture":"#0","tintindex":0}}},{"from":[3.3236742,21.588463,3.4995084],"to":[8.609388,26.30275,14.642366],"rotation":{"angle":22.5,"axis":"z","origin":[7.9635715,16.147259,9.073246]},"faces":{"east":{"uv":[9.8125,0.5,11.0625,1.0],"rotation":0,"texture":"#0","tintindex":0},"south":{"uv":[12.75,11.9375,13.3125,12.4375],"rotation":0,"texture":"#0","tintindex":0},"north":{"uv":[11.8125,12.75,12.375,13.25],"rotation":0,"texture":"#0","tintindex":0},"west":{"uv":[9.8125,3.1875,11.0625,3.6875],"rotation":0,"texture":"#0","tintindex":0},"up":{"uv":[0.5625,9.5,0.0,8.25],"rotation":0,"texture":"#0","tintindex":0},"down":{"uv":[8.9375,5.625,8.375,6.875],"rotation":0,"texture":"#0","tintindex":0}}},{"from":[3.7857141,17.519253,6.7084856],"to":[12.214286,25.376394,10.9942],"rotation":{"angle":-22.5,"axis":"x","origin":[8.036428,16.147259,9.073246]},"faces":{"east":{"uv":[8.375,11.4375,8.875,12.3125],"rotation":0,"texture":"#0","tintindex":0},"south":{"uv":[7.0625,1.875,8.0,2.75],"rotation":0,"texture":"#0","tintindex":0},"north":{"uv":[5.9375,7.0,6.875,7.875],"rotation":0,"texture":"#0","tintindex":0},"west":{"uv":[2.0625,11.5625,2.5625,12.4375],"rotation":0,"texture":"#0","tintindex":0},"up":{"uv":[10.0,11.6875,9.0625,11.1875],"rotation":0,"texture":"#0","tintindex":0},"down":{"uv":[12.1875,2.4375,11.25,2.9375],"rotation":0,"texture":"#0","tintindex":0}}},{"from":[3.7857141,17.517487,7.1480284],"to":[12.214286,25.37463,11.433743],"rotation":{"angle":22.5,"axis":"x","origin":[8.036428,16.147259,9.073246]},"faces":{"east":{"uv":[2.5625,11.5625,3.0625,12.4375],"rotation":0,"texture":"#0","tintindex":0},"south":{"uv":[3.125,7.0625,4.0625,7.9375],"rotation":0,"texture":"#0","tintindex":0},"north":{"uv":[2.1875,7.0625,3.125,7.9375],"rotation":0,"texture":"#0","tintindex":0},"west":{"uv":[3.0625,11.5625,3.5625,12.4375],"rotation":0,"texture":"#0","tintindex":0},"up":{"uv":[12.25,4.8125,11.3125,4.3125],"rotation":0,"texture":"#0","tintindex":0},"down":{"uv":[6.1875,11.375,5.25,11.875],"rotation":0,"texture":"#0","tintindex":0}}},{"from":[4.069566,8.197486,6.213794],"to":[11.926708,15.911772,11.92808],"rotation":{"angle":0.0,"axis":"y","origin":[8.036428,16.147259,9.073246]},"faces":{"east":{"uv":[2.4375,10.6875,3.0625,11.5625],"rotation":0,"texture":"#0","tintindex":0},"south":{"uv":[7.5,6.5,8.375,7.375],"rotation":0,"texture":"#0","tintindex":0},"north":{"uv":[7.5,5.625,8.375,6.5],"rotation":0,"texture":"#0","tintindex":0},"west":{"uv":[3.0625,10.6875,3.6875,11.5625],"rotation":0,"texture":"#0","tintindex":0},"up":{"uv":[11.25,3.125,10.375,2.5],"rotation":0,"texture":"#0","tintindex":0},"down":{"uv":[11.625,1.0,10.75,1.625],"rotation":0,"texture":"#0","tintindex":0}}},{"from":[0.62677145,14.307789,6.228303],"to":[2.1981997,16.307789,11.913571],"rotation":{"angle":45.0,"axis":"z","origin":[8.036428,16.147259,9.073246]},"faces":{"east":{"uv":[8.25,1.625,8.875,1.875],"rotation":0,"texture":"#0","tintindex":0},"south":{"uv":[8.875,11.4375,9.0625,11.6875],"rotation":0,"texture":"#0","tintindex":0},"north":{"uv":[1.4375,10.8125,1.625,11.0625],"rotation":0,"texture":"#0","tintindex":0},"west":{"uv":[11.1875,7.75,11.8125,8.0],"rotation":0,"texture":"#0","tintindex":0},"up":{"uv":[2.375,7.0625,2.1875,6.4375],"rotation":0,"texture":"#0","tintindex":0},"down":{"uv":[7.9375,8.875,7.75,9.5],"rotation":0,"texture":"#0","tintindex":0}}},{"from":[13.845823,14.201509,6.228303],"to":[15.417252,16.20151,11.913571],"rotation":{"angle":-45.0,"axis":"z","origin":[8.036428,16.147259,9.073246]},"faces":{"east":{"uv":[13.625,13.0625,14.25,13.3125],"rotation":0,"texture":"#0","tintindex":0},"south":{"uv":[10.9375,12.9375,11.125,13.1875],"rotation":0,"texture":"#0","tintindex":0},"north":{"uv":[7.25,12.5625,7.4375,12.8125],"rotation":0,"texture":"#0","tintindex":0},"west":{"uv":[13.6875,2.875,14.3125,3.125],"rotation":0,"texture":"#0","tintindex":0},"up":{"uv":[5.5,10.6875,5.3125,10.0625],"rotation":0,"texture":"#0","tintindex":0},"down":{"uv":[2.0,13.5625,1.8125,14.1875],"rotation":0,"texture":"#0","tintindex":0}}},{"from":[4.783851,13.453726,8.19208],"to":[11.212423,16.31087,15.334937],"rotation":{"angle":45.0,"axis":"x","origin":[8.036428,16.147259,9.073246]},"faces":{"east":{"uv":[12.3125,6.0625,13.125,6.375],"rotation":0,"texture":"#0","tintindex":0},"south":{"uv":[13.3125,1.125,14.0,1.4375],"rotation":0,"texture":"#0","tintindex":0},"north":{"uv":[13.25,8.3125,13.9375,8.625],"rotation":0,"texture":"#0","tintindex":0},"west":{"uv":[12.75,5.25,13.5625,5.5625],"rotation":0,"texture":"#0","tintindex":0},"up":{"uv":[10.0625,11.1875,9.375,10.375],"rotation":0,"texture":"#0","tintindex":0},"down":{"uv":[11.0625,9.5,10.375,10.3125],"rotation":0,"texture":"#0",