{"elements":[{"from":[7.926423,7.7144685,-16.0],"to":[8.642537,8.571611,6.8571415],"rotation":{"angle":0.0,"axis":"y","origin":[3.4285712,3.4285712,14.081629]},"faces":{"east":{"uv":[5.375,5.625,10.375,6.125],"rotation":0,"texture":"#2","tintindex":0},"south":{"uv":[2.25,7.625,2.375,8.125],"rotation":0,"texture":"#2","tintindex":0},"north":{"uv":[2.125,7.625,2.25,8.125],"rotation":0,"texture":"#2","tintindex":0},"west":{"uv":[0.0,6.125,5.0,6.625],"rotation":0,"texture":"#2","tintindex":0},"up":{"uv":[7.375,12.125,7.25,7.125],"rotation":0,"texture":"#2","tintindex":0},"down":{"uv":[7.5,7.125,7.375,12.125],"rotation":0,"texture":"#2","tintindex":0}}},{"from":[7.9272227,8.000183,-7.0],"to":[8.641508,8.857326,17.571428],"rotation":{"angle":0.0,"axis":"y","origin":[3.4285712,3.4285712,14.081629]},"faces":{"east":{"uv":[5.375,1.25,10.75,1.75],"rotation":0,"texture":"#2","tintindex":0},"south":{"uv":[2.5,7.625,2.625,8.125],"rotation":0,"texture":"#2","tintindex":0},"north":{"uv":[2.375,7.625,2.5,8.125],"rotation":0,"texture":"#2","tintindex":0},"west":{"uv":[5.375,1.75,10.75,2.25],"rotation":0,"texture":"#2","tintindex":0},"up":{"uv":[5.125,12.5,5.0,7.125],"rotation":0,"texture":"#2","tintindex":0},"down":{"uv":[5.25,7.125,5.125,12.5],"rotation":0,"texture":"#2","tintindex":0}}},{"from":[7.9272227,7.1430397,-9.1428585],"to":[8.641508,8.571611,15.285714],"rotation":{"angle":0.0,"axis":"y","origin":[3.4285712,3.4285712,14.081629]},"faces":{"east":{"uv":[0.0,0.0,5.375,0.625],"rotation":0,"texture":"#2","tintindex":0},"south":{"uv":[0.75,7.625,0.875,8.25],"rotation":0,"texture":"#2","tintindex":0},"north":{"uv":[0.625,7.625,0.75,8.25],"rotation":0,"texture":"#2","tintindex":0},"west":{"uv":[0.0,0.625,5.375,1.25],"rotation":0,"texture":"#2","tintindex":0},"up":{"uv":[5.375,12.5,5.25,7.125],"rotation":0,"texture":"#2","tintindex":0},"down":{"uv":[5.5,7.125,5.375,12.5],"rotation":0,"texture":"#2","tintindex":0}}},{"from":[7.9272227,7.1430397,-7.0],"to":[8.641508,8.571611,17.428572],"rotation":{"angle":0.0,"axis":"y","origin":[3.4285712,3.4285712,14.081629]},"faces":{"east":{"uv":[0.0,1.25,5.375,1.875],"rotation":0,"texture":"#2","tintindex":0},"south":{"uv":[1.0,7.625,1.125,8.25],"rotation":0,"texture":"#2","tintindex":0},"north":{"uv":[0.875,7.625,1.0,8.25],"rotation":0,"texture":"#2","tintindex":0},"west":{"uv":[0.0,1.875,5.375,2.5],"rotation":0,"texture":"#2","tintindex":0},"up":{"uv":[5.625,12.5,5.5,7.125],"rotation":0,"texture":"#2","tintindex":0},"down":{"uv":[5.75,7.125,5.625,12.5],"rotation":0,"texture":"#2","tintindex":0}}},{"from":[7.8643656,7.497326,-4.5085716],"to":[8.721509,8.497326,19.92],"rotation":{"angle":0.0,"axis":"y","origin":[3.4285712,3.4285712,14.081629]},"faces":{"east":{"uv":[5.375,2.25,10.75,2.75],"rotation":0,"texture":"#2","tintindex":0},"south":{"uv":[2.75,7.625,2.875,8.125],"rotation":0,"texture":"#2","tintindex":0},"north":{"uv":[2.625,7.625,2.75,8.125],"rotation":0,"texture":"#2","tintindex":0},"west":{"uv":[5.375,2.75,10.75,3.25],"rotation":0,"texture":"#2","tintindex":0},"up":{"uv":[5.875,12.5,5.75,7.125],"rotation":0,"texture":"#2","tintindex":0},"down":{"uv":[6.0,7.125,5.875,12.5],"rotation":0,"texture":"#2","tintindex":0}}},{"from":[7.9272227,7.1430397,-13.428577],"to":[8.641508,8.571611,11.0],"rotation":{"angle":0.0,"axis":"y","origin":[3.4285712,3.4285712,14.081629]},"faces":{"east":{"uv":[0.0,2.5,5.375,3.125],"rotation":0,"texture":"#2","tintindex":0},"south":{"uv":[1.25,7.625,1.375,8.25],"rotation":0,"texture":"#2","tintindex":0},"north":{"uv":[1.125,7.625,1.25,8.25],"rotation":0,"texture":"#2","tintindex":0},"west":{"uv":[0.0,3.125,5.375,3.75],"rotation":0,"texture":"#2","tintindex":0},"up":{"uv":[6.125,12.5,6.0,7.125],"rotation":0,"texture":"#2","tintindex":0},"down":{"uv":[6.25,7.125,6.125,12.5],"rotation":0,"texture":"#2","tintindex":0}}},{"from":[7.9272227,7.1430397,-15.428574],"to":[8.641508,8.571611,8.857137],"rotation":{"angle":0.0,"axis":"y","origin":[3.4285712,3.4285712,14.081629]},"faces":{"east":{"uv":[0.0,5.0,5.25,5.625],"rotation":0,"texture":"#2","tintindex":0},"south":{"uv":[1.5,7.625,1.625,8.25],"rotation":0,"texture":"#2","tintindex":0},"north":{"uv":[1.375,7.625,1.5,8.25],"rotation":0,"texture":"#2","tintindex":0},"west":{"uv":[5.25,5.0,10.5,5.625],"rotation":0,"texture":"#2","tintindex":0},"up":{"uv":[7.125,12.375,7.0,7.125],"rotation":0,"texture":"#2","tintindex":0},"down":{"uv":[7.25,7.125,7.125,12.375],"rotation":0,"texture":"#2","tintindex":0}}},{"from":[7.79008,7.3544683,-2.365715],"to":[8.79008,8.6401825,20.348572],"rotation":{"angle":0.0,"axis":"y","origin":[3.4285712,3.4285712,14.081629]},"faces":{"east":{"uv":[5.0,6.125,10.0,6.625],"rotation":0,"texture":"#2","tintindex":0},"south":{"uv":[3.0,7.625,3.125,8.125],"rotation":0,"texture":"#2","tintindex":0},"north":{"uv":[2.875,7.625,3.0,8.125],"rotation":0,"texture":"#2","tintindex":0},"west":{"uv":[0.0,6.625,5.0,7.125],"rotation":0,"texture":"#2","tintindex":0},"up":{"uv":[7.625,12.125,7.5,7.125],"rotation":0,"texture":"#2","tintindex":0},"down":{"uv":[0.125,7.625,0.0,12.625],"rotation":0,"texture":"#2","tintindex":0}}},{"from":[7.7843657,7.2858973,-4.9371433],"to":[8.784366,8.714469,17.777142],"rotation":{"angle":0.0,"axis":"y","origin":[3.4285712,3.4285712,14.081629]},"faces":{"east":{"uv":[5.375,0.0,10.375,0.625],"rotation":0,"texture":"#2","tintindex":0},"south":{"uv":[1.75,7.625,1.875,8.25],"rotation":0,"texture":"#2","tintindex":0},"north":{"uv":[1.625,7.625,1.75,8.25],"rotation":0,"texture":"#2","tintindex":0},"west":{"uv":[5.375,0.625,10.375,1.25],"rotation":0,"texture":"#2","tintindex":0},"up":{"uv":[0.25,12.625,0.125,7.625],"rotation":0,"texture":"#2","tintindex":0},"down":{"uv":[0.375,7.625,0.25,12.625],"rotation":0,"texture":"#2","tintindex":0}}},{"from":[7.9272227,7.1430397,-11.285715],"to":[8.641508,8.571611,13.142857],"rotation":{"angle":0.0,"axis":"y","origin":[3.4285712,3.4285712,14.081629]},"faces":{"east":{"uv":[0.0,3.75,5.375,4.375],"rotation":0,"texture":"#2","tintindex":0},"south":{"uv":[2.0,7.625,2.125,8.25],"rotation":0,"texture":"#2","tintindex":0},"north":{"uv":[1.875,7.625,2.0,8.25],"rotation":0,"texture":"#2","tintindex":0},"west":{"uv":[0.0,4.375,5.375,5.0],"rotation":0,"texture":"#2","tintindex":0},"up":{"uv":[6.375,12.5,6.25,7.125],"rotation":0,"texture":"#2","tintindex":0},"down":{"uv":[6.5,7.125,6.375,12.5],"rotation":0,"texture":"#2","tintindex":0}}},{"from":[7.7843657,8.118531,-7.0554924],"to":[8.784366,9.118531,17.373081],"rotation":{"angle":0.0,"axis":"y","origin":[3.4285712,3.4285712,14.081629]},"faces":{"east":{"uv":[5.375,3.25,10.75,3.75],"rotation":0,"texture":"#2","tintindex":0},"south":{"uv":[3.25,7.625,3.375,8.125],"rotation":0,"texture":"#2","tintindex":0},"north":{"uv":[3.125,7.625,3.25,8.125],"rotation":0,"texture":"#2","tintindex":0},"west":{"uv":[5.375,3.75,10.75,4.25],"rotation":0,"texture":"#2","tintindex":0},"up":{"uv":[6.625,12.5,6.5,7.125],"rotation":0,"texture":"#2","tintindex":0},"down":{"uv":[6.75,7.125,6.625,12.5],"rotation":0,"texture":"#2","tintindex":0}}},{"from":[7.9272227,7.4287543,-15.714287],"to":[8.641508,8.285897,6.8571415],"rotation":{"angle":0.0,"axis":"y","origin":[3.4285712,3.4285712,14.081629]},"faces":{"east":{"uv":[5.0,6.625,10.0,7.125],"rotation":0,"texture":"#2","tintindex":0},"south":{"uv":[3.5,7.625,3.625,8.125],"rotation":0,"texture":"#2","tintindex":0},"north":{"uv":[3.375,7.625,3.5,8.125],"rotation":0,"texture":"#2","tintindex":0},"west":{"uv":[0.0,7.125,5.0,7.625],"rotation":0,"texture":"#2","tintindex":0},"up":{"uv":[0.5,12.625,0.375,7.625],"rotation":0,"texture":"#2","tintindex":0},"down":{"uv":[0.625,7.625,0.5,12.625],"rotation":0,"texture":"#2","tintindex":0}}},{"from":[7.9272227,8.000183,-9.1428585],"to":[8.641508,8.857326,15.285714],"rotation":{"angle":0.0,"axis":"y","origin":[3.4285712,3.4285712,14.081629]},"faces":{"east":{"uv":[5.375,4.25,10.75,4.75],"rotation":0,"texture":"#2","tintindex":0},"south":{"uv":[3.75,7.625,3.875,8.125],"rotation":0,