{"elements":[{"from":[9.0,5.875914,3.0247483],"to":[10.428572,7.9330573,6.1676054],"rotation":{"angle":-22.5,"axis":"x","origin":[14.587578,7.1902,5.45332]},"faces":{"east":{"uv":[11.25,13.9375,10.875,14.1875],"rotation":0,"texture":"#0","tintindex":0},"south":{"uv":[14.3125,1.375,14.5,1.625],"rotation":0,"texture":"#0","tintindex":0},"north":{"uv":[14.25,13.0,14.4375,13.25],"rotation":0,"texture":"#0","tintindex":0},"west":{"uv":[4.25,13.9375,4.625,14.1875],"rotation":0,"texture":"#0","tintindex":0},"up":{"uv":[1.3125,14.5,1.125,14.125],"rotation":0,"texture":"#0","tintindex":0},"down":{"uv":[2.1875,14.125,2.0,14.5],"rotation":0,"texture":"#0","tintindex":0}}},{"from":[5.8571424,5.2302,5.7864513],"to":[10.142858,8.144485,10.072166],"rotation":{"angle":0.0,"axis":"y","origin":[8.0,13.560972,8.000023]},"faces":{"east":{"uv":[6.125,13.75,6.625,14.0625],"rotation":0,"texture":"#0","tintindex":0},"south":{"uv":[13.75,4.4375,14.25,4.75],"rotation":0,"texture":"#0","tintindex":0},"north":{"uv":[3.0,13.75,3.5,14.0625],"rotation":0,"texture":"#0","tintindex":0},"west":{"uv":[6.125,13.75,6.625,14.0625],"rotation":0,"texture":"#0","tintindex":0},"up":{"uv":[10.4375,13.4375,9.9375,12.9375],"rotation":0,"texture":"#0","tintindex":0},"down":{"uv":[10.9375,12.9375,10.4375,13.4375],"rotation":0,"texture":"#0","tintindex":0}}},{"from":[7.0,5.801628,9.715023],"to":[9.0,7.8587713,13.143595],"rotation":{"angle":22.5,"axis":"x","origin":[12.587578,7.1159143,10.500737]},"faces":{"east":{"uv":[10.875,13.9375,11.25,14.1875],"rotation":0,"texture":"#0","tintindex":0},"south":{"uv":[14.125,13.875,14.375,14.125],"rotation":0,"texture":"#0","tintindex":0},"north":{"uv":[13.875,14.125,14.125,14.375],"rotation":0,"texture":"#0","tintindex":0},"west":{"uv":[11.25,13.9375,10.875,14.1875],"rotation":0,"texture":"#0","tintindex":0},"up":{"uv":[14.1875,9.3125,13.9375,8.9375],"rotation":0,"texture":"#0","tintindex":0},"down":{"uv":[10.875,13.9375,10.625,14.3125],"rotation":0,"texture":"#0","tintindex":0}}},{"from":[7.428571,7.554423,11.594811],"to":[8.571428,8.754423,14.166241],"rotation":{"angle":45.0,"axis":"x","origin":[12.587578,6.79728,10.523383]},"faces":{"east":{"uv":[14.3125,8.4375,14.625,8.5625],"rotation":0,"texture":"#0","tintindex":0},"south":{"uv":[14.5,2.0625,14.625,2.1875],"rotation":0,"texture":"#0","tintindex":0},"north":{"uv":[2.0,14.5,2.125,14.625],"rotation":0,"texture":"#0","tintindex":0},"west":{"uv":[14.3125,9.4375,14.625,9.5625],"rotation":0,"texture":"#0","tintindex":0},"up":{"uv":[10.1875,14.625,10.0625,14.3125],"rotation":0,"texture":"#0","tintindex":0},"down":{"uv":[10.3125,14.3125,10.1875,14.625],"rotation":0,"texture":"#0","tintindex":0}}},{"from":[5.5714283,5.875914,3.0247483],"to":[7.0,7.9330573,6.1676054],"rotation":{"angle":-22.5,"axis":"x","origin":[11.159006,7.1902,5.45332]},"faces":{"east":{"uv":[13.9375,10.8125,14.3125,11.0625],"rotation":0,"texture":"#0","tintindex":0},"south":{"uv":[14.3125,2.3125,14.5,2.5625],"rotation":0,"texture":"#0","tintindex":0},"north":{"uv":[14.3125,2.0625,14.5,2.3125],"rotation":0,"texture":"#0","tintindex":0},"west":{"uv":[10.875,13.9375,11.25,14.1875],"rotation":0,"texture":"#0","tintindex":0},"up":{"uv":[2.375,14.5,2.1875,14.125],"rotation":0,"texture":"#0","tintindex":0},"down":{"uv":[2.5625,14.125,2.375,14.5],"rotation":0,"texture":"#0","tintindex":0}}},{"from":[5.8571424,7.55728,2.0021029],"to":[6.714286,8.75728,4.573531],"rotation":{"angle":-45.0,"axis":"x","origin":[11.159006,6.871566,5.4306746]},"faces":{"east":{"uv":[14.3125,9.5625,14.625,9.6875],"rotation":0,"texture":"#0","tintindex":0},"south":{"uv":[14.5,2.1875,14.625,2.3125],"rotation":0,"texture":"#0","tintindex":0},"north":{"uv":[2.125,14.5,2.25,14.625],"rotation":0,"texture":"#0","tintindex":0},"west":{"uv":[14.3125,10.0,14.625,10.125],"rotation":0,"texture":"#0","tintindex":0},"up":{"uv":[10.4375,14.625,10.3125,14.3125],"rotation":0,"texture":"#0","tintindex":0},"down":{"uv":[10.75,14.3125,10.625,14.625],"rotation":0,"texture":"#0","tintindex":0}}},{"from":[7.285714,5.875914,3.0247483],"to":[8.714286,7.9330573,6.1676054],"rotation":{"angle":-22.5,"axis":"x","origin":[12.873292,7.1902,5.45332]},"faces":{"east":{"uv":[13.9375,11.0625,14.3125,11.3125],"rotation":0,"texture":"#0","tintindex":0},"south":{"uv":[2.9375,14.3125,3.125,14.5625],"rotation":0,"texture":"#0","tintindex":0},"north":{"uv":[14.3125,2.8125,14.5,3.0625],"rotation":0,"texture":"#0","tintindex":0},"west":{"uv":[13.9375,13.4375,14.3125,13.6875],"rotation":0,"texture":"#0","tintindex":0},"up":{"uv":[3.6875,14.5,3.5,14.125],"rotation":0,"texture":"#0","tintindex":0},"down":{"uv":[3.875,14.125,3.6875,14.5],"rotation":0,"texture":"#0","tintindex":0}}},{"from":[7.5714283,7.55728,2.0021029],"to":[8.428572,8.75728,4.573531],"rotation":{"angle":-45.0,"axis":"x","origin":[12.873292,6.871566,5.4306746]},"faces":{"east":{"uv":[14.3125,10.8125,14.625,10.9375],"rotation":0,"texture":"#0","tintindex":0},"south":{"uv":[14.5,2.3125,14.625,2.4375],"rotation":0,"texture":"#0","tintindex":0},"north":{"uv":[2.25,14.5,2.375,14.625],"rotation":0,"texture":"#0","tintindex":0},"west":{"uv":[14.3125,10.9375,14.625,11.0625],"rotation":0,"texture":"#0","tintindex":0},"up":{"uv":[10.875,14.625,10.75,14.3125],"rotation":0,"texture":"#0","tintindex":0},"down":{"uv":[11.5625,14.3125,11.4375,14.625],"rotation":0,"texture":"#0","tintindex":0}}},{"from":[9.285714,7.55728,2.0021029],"to":[10.142858,8.75728,4.573531],"rotation":{"angle":-45.0,"axis":"x","origin":[14.587578,6.871566,5.4306746]},"faces":{"east":{"uv":[14.3125,11.0625,14.625,11.1875],"rotation":0,"texture":"#0","tintindex":0},"south":{"uv":[14.5,2.4375,14.625,2.5625],"rotation":0,"texture":"#0","tintindex":0},"north":{"uv":[2.375,14.5,2.5,14.625],"rotation":0,"texture":"#0","tintindex":0},"west":{"uv":[14.3125,11.1875,14.625,11.3125],"rotation":0,"texture":"#0","tintindex":0},"up":{"uv":[11.6875,14.625,11.5625,14.3125],"rotation":0,"texture":"#0","tintindex":0},"down":{"uv":[14.4375,11.5625,14.3125,11.875],"rotation":0,"texture":"#0","tintindex":0}}}],"textures":{"0":"modelengine:entity/iron_demon"},"display":{"head":{"translation":[0.0,-6.4,0.0],"scale":[4.0,4.0,4.0]}}}