{"elements":[{"from":[4.0911484,4.7168455,4.2299485],"to":[11.484006,7.5739884,11.087091],"rotation":{"angle":22.5,"axis":"x","origin":[7.787577,4.6312,8.285726]},"faces":{"east":{"uv":[12.875,13.125,13.625,13.4375],"rotation":0,"texture":"#0","tintindex":0},"south":{"uv":[12.9375,4.4375,13.75,4.75],"rotation":0,"texture":"#0","tintindex":0},"north":{"uv":[12.9375,4.125,13.75,4.4375],"rotation":0,"texture":"#0","tintindex":0},"west":{"uv":[10.9375,13.1875,11.6875,13.5],"rotation":0,"texture":"#0","tintindex":0},"up":{"uv":[10.75,1.75,9.9375,1.0],"rotation":0,"texture":"#0","tintindex":0},"down":{"uv":[3.6875,9.9375,2.875,10.6875],"rotation":0,"texture":"#0","tintindex":0}}},{"from":[4.0732913,-0.2934866,4.542417],"to":[11.5018635,6.2779427,4.542417],"rotation":{"angle":0.0,"axis":"y","origin":[7.787577,2.992228,4.508937]},"faces":{"east":{"uv":[0.0,0.0,0.0,0.75],"rotation":0,"texture":"#0","tintindex":0},"south":{"uv":[7.75,9.5625,8.5625,10.3125],"rotation":0,"texture":"#0","tintindex":0},"north":{"uv":[2.0625,9.5625,2.875,10.3125],"rotation":0,"texture":"#0","tintindex":0},"west":{"uv":[0.0,0.0,0.0,0.75],"rotation":0,"texture":"#0","tintindex":0},"up":{"uv":[0.8125,0.0,0.0,0.0],"rotation":0,"texture":"#0","tintindex":0},"down":{"uv":[0.8125,0.0,0.0,0.0],"rotation":0,"texture":"#0","tintindex":0}}},{"from":[4.0552797,-0.2934866,4.6004515],"to":[4.0552797,6.2779427,12.029023],"rotation":{"angle":0.0,"axis":"y","origin":[7.8124228,2.992228,12.029023]},"faces":{"east":{"uv":[3.6875,9.9375,4.5,10.6875],"rotation":0,"texture":"#0","tintindex":0},"south":{"uv":[0.0,0.0,0.0,0.75],"rotation":0,"texture":"#0","tintindex":0},"north":{"uv":[0.0,0.0,0.0,0.75],"rotation":0,"texture":"#0","tintindex":0},"west":{"uv":[9.9375,5.9375,10.75,6.6875],"rotation":0,"texture":"#0","tintindex":0},"up":{"uv":[0.0,0.8125,0.0,0.0],"rotation":0,"texture":"#0","tintindex":0},"down":{"uv":[0.0,0.0,0.0,0.8125],"rotation":0,"texture":"#0","tintindex":0}}},{"from":[4.0732913,-0.2934866,4.571434],"to":[11.5018635,6.2779427,12.000006],"rotation":{"angle":0.0,"axis":"y","origin":[7.787577,4.6312,8.285726]},"faces":{"east":{"uv":[10.0,3.6875,10.8125,4.4375],"rotation":0,"texture":"#0","tintindex":0},"south":{"uv":[5.5,10.0,6.3125,10.75],"rotation":0,"texture":"#0","tintindex":0},"north":{"uv":[0.0,10.0,0.8125,10.75],"rotation":0,"texture":"#0","tintindex":0},"west":{"uv":[0.8125,10.0625,1.625,10.8125],"rotation":0,"texture":"#0","tintindex":0},"up":{"uv":[4.5,9.9375,3.6875,9.125],"rotation":0,"texture":"#0","tintindex":0},"down":{"uv":[10.0,4.0,9.1875,4.8125],"rotation":0,"texture":"#0","tintindex":0}}},{"from":[11.546509,-0.2934866,4.571434],"to":[11.546509,6.2779427,12.000006],"rotation":{"angle":0.0,"axis":"y","origin":[7.787577,4.6312,8.285726]},"faces":{"east":{"uv":[10.0625,1.75,10.875,2.5],"rotation":0,"texture":"#0","tintindex":0},"south":{"uv":[0.0,0.0,0.0,0.75],"rotation":0,"texture":"#0","tintindex":0},"north":{"uv":[0.0,0.0,0.0,0.75],"rotation":0,"texture":"#0","tintindex":0},"west":{"uv":[4.5,10.0625,5.3125,10.8125],"rotation":0,"texture":"#0","tintindex":0},"up":{"uv":[0.0,0.8125,0.0,0.0],"rotation":0,"texture":"#0","tintindex":0},"down":{"uv":[0.0,0.0,0.0,0.8125],"rotation":0,"texture":"#0","tintindex":0}}},{"from":[4.053491,-0.2934866,12.033485],"to":[11.482063,6.2779427,12.033485],"rotation":{"angle":0.0,"axis":"y","origin":[5.9329596,2.992228,10.1573715]},"faces":{"east":{"uv":[0.0,0.0,0.0,0.75],"rotation":0,"texture":"#0","tintindex":0},"south":{"uv":[7.5625,10.3125,8.375,11.0625],"rotation":0,"texture":"#0","tintindex":0},"north":{"uv":[1.625,10.3125,2.4375,11.0625],"rotation":0,"texture":"#0","tintindex":0},"west":{"uv":[0.0,0.0,0.0,0.75],"rotation":0,"texture":"#0","tintindex":0},"up":{"uv":[0.8125,0.0,0.0,0.0],"rotation":0,"texture":"#0","tintindex":0},"down":{"uv":[0.8125,0.0,0.0,0.0],"rotation":0,"texture":"#0","tintindex":0}}},{"from":[4.0649195,-0.2934866,4.571434],"to":[4.0649195,6.2779427,12.000006],"rotation":{"angle":0.0,"axis":"y","origin":[-27.216152,4.6312,8.285726]},"faces":{"south":{"uv":[0.0,0.0,0.0,0.75],"rotation":0,"texture":"#0","tintindex":0},"north":{"uv":[0.0,0.0,0.0,0.75],"rotation":0,"texture":"#0","tintindex":0},"west":{"uv":[10.375,7.25,11.1875,8.0],"rotation":0,"texture":"#0","tintindex":0},"up":{"uv":[0.0,0.8125,0.0,0.0],"rotation":0,"texture":"#0","tintindex":0},"down":{"uv":[0.0,0.0,0.0,0.8125],"rotation":0,"texture":"#0","tintindex":0}}}],"textures":{"0":"modelengine:entity/iron_demon"},"display":{"head":{"translation":[0.0,-6.4,0.0],"scale":[4.0,4.0,4.0]}}}