{"elements":[{"from":[3.923874,6.157726,6.1551027],"to":[8.764126,8.09288,7.9246573],"rotation":{"angle":-45.0,"axis":"z","origin":[8.0,7.2435884,5.9753084]},"faces":{"east":{"uv":[12.0,2.25,12.1875,2.4375],"rotation":0,"texture":"#0","tintindex":0},"south":{"uv":[10.4375,7.0625,10.9375,7.25],"rotation":0,"texture":"#0","tintindex":0},"north":{"uv":[4.625,0.6875,5.125,0.875],"rotation":0,"texture":"#0","tintindex":0},"west":{"uv":[11.5,13.5,11.6875,13.6875],"rotation":0,"texture":"#0","tintindex":0},"up":{"uv":[11.375,5.9375,10.875,5.75],"rotation":0,"texture":"#0","tintindex":0},"down":{"uv":[11.5625,0.8125,11.0625,1.0],"rotation":0,"texture":"#0","tintindex":0}}},{"from":[4.3499255,8.785743,5.7671485],"to":[6.28508,10.787137,7.5367026],"rotation":{"angle":45.0,"axis":"x","origin":[5.317503,8.603582,6.6519256]},"faces":{"east":{"uv":[14.25,0.25,14.4375,0.5],"rotation":0,"texture":"#0","tintindex":0},"south":{"uv":[2.5625,14.25,2.75,14.5],"rotation":0,"texture":"#0","tintindex":0},"north":{"uv":[14.25,0.0,14.4375,0.25],"rotation":0,"texture":"#0","tintindex":0},"west":{"uv":[14.25,2.5625,14.4375,2.8125],"rotation":0,"texture":"#0","tintindex":0},"up":{"uv":[14.5,12.0625,14.3125,11.875],"rotation":0,"texture":"#0","tintindex":0},"down":{"uv":[12.375,14.3125,12.1875,14.5],"rotation":0,"texture":"#0","tintindex":0}}},{"from":[1.7703996,8.842011,7.570303],"to":[5.900937,10.777166,9.339857],"rotation":{"angle":-22.5,"axis":"z","origin":[6.083097,9.809588,8.45508]},"faces":{"east":{"uv":[14.3125,13.4375,14.5,13.625],"rotation":0,"texture":"#0","tintindex":0},"south":{"uv":[11.875,5.5625,12.3125,5.75],"rotation":0,"texture":"#0","tintindex":0},"north":{"uv":[9.1875,4.8125,9.625,5.0],"rotation":0,"texture":"#0","tintindex":0},"west":{"uv":[14.3125,14.125,14.5,14.3125],"rotation":0,"texture":"#0","tintindex":0},"up":{"uv":[12.3125,7.75,11.875,7.5625],"rotation":0,"texture":"#0","tintindex":0},"down":{"uv":[12.6875,11.4375,12.25,11.625],"rotation":0,"texture":"#0","tintindex":0}}},{"from":[1.8179255,10.82236,7.799691],"to":[2.8067942,11.877469,9.569246],"rotation":{"angle":-22.5,"axis":"y","origin":[2.5489316,11.372091,8.401691]},"faces":{"east":{"uv":[5.9375,12.3125,6.125,12.4375],"rotation":0,"texture":"#0","tintindex":0},"south":{"uv":[6.1875,11.3125,6.3125,11.4375],"rotation":0,"texture":"#0","tintindex":0},"north":{"uv":[10.75,1.625,10.875,1.75],"rotation":0,"texture":"#0","tintindex":0},"west":{"uv":[14.0,12.125,14.1875,12.25],"rotation":0,"texture":"#0","tintindex":0},"up":{"uv":[5.0,5.375,4.875,5.1875],"rotation":0,"texture":"#0","tintindex":0},"down":{"uv":[3.6875,11.5625,3.5625,11.75],"rotation":0,"texture":"#0","tintindex":0}}},{"from":[10.099063,8.842011,7.570303],"to":[14.229601,10.777166,9.339857],"rotation":{"angle":22.5,"axis":"z","origin":[9.916903,9.809588,8.45508]},"faces":{"east":{"uv":[14.3125,14.3125,14.5,14.5],"rotation":0,"texture":"#0","tintindex":0},"south":{"uv":[13.3125,12.25,13.75,12.4375],"rotation":0,"texture":"#0","tintindex":0},"north":{"uv":[12.4375,4.125,12.875,4.3125],"rotation":0,"texture":"#0","tintindex":0},"west":{"uv":[0.0,14.375,0.1875,14.5625],"rotation":0,"texture":"#0","tintindex":0},"up":{"uv":[14.375,13.875,13.9375,13.6875],"rotation":0,"texture":"#0","tintindex":0},"down":{"uv":[14.4375,0.625,14.0,0.8125],"rotation":0,"texture":"#0","tintindex":0}}},{"from":[7.235874,6.157726,6.1551027],"to":[12.076126,8.09288,7.9246573],"rotation":{"angle":45.0,"axis":"z","origin":[8.0,7.2435884,5.9753084]},"faces":{"east":{"uv":[0.1875,14.375,0.375,14.5625],"rotation":0,"texture":"#0","tintindex":0},"south":{"uv":[11.5,2.25,12.0,2.4375],"rotation":0,"texture":"#0","tintindex":0},"north":{"uv":[11.25,2.9375,11.75,3.125],"rotation":0,"texture":"#0","tintindex":0},"west":{"uv":[0.375,14.375,0.5625,14.5625],"rotation":0,"texture":"#0","tintindex":0},"up":{"uv":[12.125,1.625,11.625,1.4375],"rotation":0,"texture":"#0","tintindex":0},"down":{"uv":[12.1875,0.625,11.6875,0.8125],"rotation":0,"texture":"#0","tintindex":0}}},{"from":[9.71492,8.785743,5.7671485],"to":[11.650074,10.787137,7.5367026],"rotation":{"angle":45.0,"axis":"x","origin":[10.682497,8.603582,6.6519256]},"faces":{"east":{"uv":[14.25,4.0625,14.4375,4.3125],"rotation":0,"texture":"#0","tintindex":0},"south":{"uv":[14.25,4.3125,14.4375,4.5625],"rotation":0,"texture":"#0","tintindex":0},"north":{"uv":[2.75,14.25,2.9375,14.5],"rotation":0,"texture":"#0","tintindex":0},"west":{"uv":[14.25,5.8125,14.4375,6.0625],"rotation":0,"texture":"#0","tintindex":0},"up":{"uv":[0.75,14.5625,0.5625,14.375],"rotation":0,"texture":"#0","tintindex":0},"down":{"uv":[0.9375,14.375,0.75,14.5625],"rotation":0,"texture":"#0","tintindex":0}}},{"from":[12.438223,7.6487827,5.6579657],"to":[14.373377,10.596463,7.42752],"rotation":{"angle":45.0,"axis":"x","origin":[13.4058,7.466623,11.747314]},"faces":{"east":{"uv":[8.375,10.3125,8.5625,10.625],"rotation":0,"texture":"#0","tintindex":0},"south":{"uv":[7.75,12.8125,7.9375,13.125],"rotation":0,"texture":"#0","tintindex":0},"north":{"uv":[9.8125,3.6875,10.0,4.0],"rotation":0,"texture":"#0","tintindex":0},"west":{"uv":[14.125,14.125,14.3125,14.4375],"rotation":0,"texture":"#0","tintindex":0},"up":{"uv":[1.875,14.5625,1.6875,14.375],"rotation":0,"texture":"#0","tintindex":0},"down":{"uv":[3.4375,14.375,3.25,14.5625],"rotation":0,"texture":"#0","tintindex":0}}},{"from":[13.062223,12.925737,9.654629],"to":[14.524235,13.985578,12.602308],"rotation":{"angle":0.0,"axis":"y","origin":[13.320086,7.896229,9.472468]},"faces":{"east":{"uv":[10.0625,2.5,10.375,2.625],"rotation":0,"texture":"#0","tintindex":0},"south":{"uv":[14.375,8.5625,14.5625,8.6875],"rotation":0,"texture":"#0","tintindex":0},"north":{"uv":[8.5625,14.375,8.75,14.5],"rotation":0,"texture":"#0","tintindex":0},"west":{"uv":[4.1875,10.6875,4.5,10.8125],"rotation":0,"texture":"#0","tintindex":0},"up":{"uv":[1.5,14.5,1.3125,14.1875],"rotation":0,"texture":"#0","tintindex":0},"down":{"uv":[1.6875,14.1875,1.5,14.5],"rotation":0,"texture":"#0","tintindex":0}}},{"from":[13.771937,15.074646,8.34984],"to":[14.760806,15.897915,10.351234],"rotation":{"angle":45.0,"axis":"x","origin":[13.320086,9.808566,8.16768]},"faces":{"east":{"uv":[5.375,6.5625,5.625,6.625],"rotation":0,"texture":"#0","tintindex":0},"south":{"uv":[7.875,9.5,8.0,9.5625],"rotation":0,"texture":"#0","tintindex":0},"north":{"uv":[7.75,9.5,7.875,9.5625],"rotation":0,"texture":"#0","tintindex":0},"west":{"uv":[7.0625,3.375,7.3125,3.4375],"rotation":0,"texture":"#0","tintindex":0},"up":{"uv":[6.5,2.6875,6.375,2.4375],"rotation":0,"texture":"#0","tintindex":0},"down":{"uv":[5.9375,12.8125,5.8125,13.0625],"rotation":0,"texture":"#0","tintindex":0}}}],"textures":{"0":"modelengine:entity/iron_demon"},"display":{"head":{"translation":[0.0,-6.4,0.0],"scale":[4.0,4.0,4.0]}}}