{"elements":[{"from":[7.7315826,6.2360573,4.0554457],"to":[10.87444,10.807486,10.412589],"rotation":{"angle":45.0,"axis":"z","origin":[9.303012,5.664628,7.2541084]},"faces":{"east":{"uv":[12.25,4.3125,12.9375,4.8125],"rotation":0,"texture":"#0","tintindex":0},"south":{"uv":[0.0,13.625,0.375,14.125],"rotation":0,"texture":"#0","tintindex":0},"north":{"uv":[2.0625,11.0625,2.4375,11.5625],"rotation":0,"texture":"#0","tintindex":0},"west":{"uv":[11.125,12.25,11.8125,12.75],"rotation":0,"texture":"#0","tintindex":0},"up":{"uv":[2.0,13.5625,1.625,12.875],"rotation":0,"texture":"#0","tintindex":0},"down":{"uv":[13.25,12.4375,12.875,13.125],"rotation":0,"texture":"#0","tintindex":0}}},{"from":[7.751674,-0.104623795,1.9498281],"to":[10.85212,2.1810908,3.0926857],"rotation":{"angle":45.0,"axis":"x","origin":[8.731583,0.7525196,6.521257]},"faces":{"east":{"uv":[8.0625,14.375,8.1875,14.625],"rotation":0,"texture":"#0","tintindex":0},"south":{"uv":[6.4375,9.125,6.75,9.375],"rotation":0,"texture":"#0","tintindex":0},"north":{"uv":[5.375,3.5,5.6875,3.75],"rotation":0,"texture":"#0","tintindex":0},"west":{"uv":[8.1875,14.375,8.3125,14.625],"rotation":0,"texture":"#0","tintindex":0},"up":{"uv":[13.3125,4.125,13.0,4.0],"rotation":0,"texture":"#0","tintindex":0},"down":{"uv":[14.3125,2.3125,14.0,2.4375],"rotation":0,"texture":"#0","tintindex":0}}},{"from":[7.7315826,3.3789144,4.1112514],"to":[10.87444,7.9503427,10.396966],"rotation":{"angle":0.0,"axis":"y","origin":[-5.196989,28.307487,5.2541084]},"faces":{"east":{"uv":[12.3125,0.625,13.0,1.125],"rotation":0,"texture":"#0","tintindex":0},"south":{"uv":[0.75,13.625,1.125,14.125],"rotation":0,"texture":"#0","tintindex":0},"north":{"uv":[0.375,13.625,0.75,14.125],"rotation":0,"texture":"#0","tintindex":0},"west":{"uv":[5.25,12.3125,5.9375,12.8125],"rotation":0,"texture":"#0","tintindex":0},"up":{"uv":[0.375,13.625,0.0,12.9375],"rotation":0,"texture":"#0","tintindex":0},"down":{"uv":[0.75,12.9375,0.375,13.625],"rotation":0,"texture":"#0","tintindex":0}}},{"from":[7.7315826,1.6646285,2.6826797],"to":[10.87444,3.3789144,11.825538],"rotation":{"angle":0.0,"axis":"y","origin":[-5.196989,28.307487,5.2541084]},"faces":{"east":{"uv":[13.25,12.875,14.25,13.0625],"rotation":0,"texture":"#0","tintindex":0},"south":{"uv":[14.0,3.625,14.375,3.8125],"rotation":0,"texture":"#0","tintindex":0},"north":{"uv":[8.9375,6.6875,9.3125,6.875],"rotation":0,"texture":"#0","tintindex":0},"west":{"uv":[13.3125,1.4375,14.3125,1.625],"rotation":0,"texture":"#0","tintindex":0},"up":{"uv":[2.0625,12.875,1.6875,11.875],"rotation":0,"texture":"#0","tintindex":0},"down":{"uv":[8.3125,12.125,7.9375,13.125],"rotation":0,"texture":"#0","tintindex":0}}},{"from":[8.588726,-1.9068012,3.5398226],"to":[11.160154,2.9503427,10.968394],"rotation":{"angle":0.0,"axis":"y","origin":[-5.196989,28.307487,5.2541084]},"faces":{"east":{"uv":[6.1875,11.4375,7.0,12.0],"rotation":0,"texture":"#0","tintindex":0},"south":{"uv":[10.4375,11.1875,10.75,11.75],"rotation":0,"texture":"#0","tintindex":0},"north":{"uv":[9.0625,10.625,9.375,11.1875],"rotation":0,"texture":"#0","tintindex":0},"west":{"uv":[11.4375,11.0625,12.25,11.625],"rotation":0,"texture":"#0","tintindex":0},"up":{"uv":[5.6875,3.5,5.375,2.6875],"rotation":0,"texture":"#0","tintindex":0},"down":{"uv":[3.875,12.9375,3.5625,13.75],"rotation":0,"texture":"#0","tintindex":0}}},{"from":[10.327566,-2.7256346,2.9538116],"to":[13.140062,1.5600796,4.668097],"rotation":{"angle":22.5,"axis":"x","origin":[9.160154,-0.7256346,6.668097]},"faces":{"east":{"uv":[1.125,13.625,1.3125,14.125],"rotation":0,"texture":"#0","tintindex":0},"south":{"uv":[11.8125,12.25,12.125,12.75],"rotation":0,"texture":"#0","tintindex":0},"north":{"uv":[11.125,11.75,11.4375,12.25],"rotation":0,"texture":"#0","tintindex":0},"west":{"uv":[5.0625,13.6875,5.25,14.1875],"rotation":0,"texture":"#0","tintindex":0},"up":{"uv":[12.0625,3.125,11.75,2.9375],"rotation":0,"texture":"#0","tintindex":0},"down":{"uv":[13.5625,3.375,13.25,3.5625],"rotation":0,"texture":"#0","tintindex":0}}},{"from":[10.303012,-1.7639437,4.1112514],"to":[13.160154,2.8074856,10.396966],"rotation":{"angle":0.0,"axis":"y","origin":[-5.196989,28.307487,5.2541084]},"faces":{"east":{"uv":[12.3125,5.5625,13.0,6.0625],"rotation":0,"texture":"#0","tintindex":0},"south":{"uv":[12.5625,13.625,12.875,14.125],"rotation":0,"texture":"#0","tintindex":0},"north":{"uv":[9.0,13.625,9.3125,14.125],"rotation":0,"texture":"#0","tintindex":0},"west":{"uv":[8.3125,12.3125,9.0,12.8125],"rotation":0,"texture":"#0","tintindex":0},"up":{"uv":[2.3125,14.125,2.0,13.4375],"rotation":0,"texture":"#0","tintindex":0},"down":{"uv":[2.625,13.4375,2.3125,14.125],"rotation":0,"texture":"#0","tintindex":0}}},{"from":[10.303012,0.8074856,4.68268],"to":[13.160154,6.2360573,9.825537],"rotation":{"angle":22.5,"axis":"z","origin":[11.731583,0.52177143,7.2541084]},"faces":{"east":{"uv":[12.1875,2.0,12.75,2.625],"rotation":0,"texture":"#0","tintindex":0},"south":{"uv":[10.3125,13.4375,10.625,14.0625],"rotation":0,"texture":"#0","tintindex":0},"north":{"uv":[13.4375,10.1875,13.75,10.8125],"rotation":0,"texture":"#0","tintindex":0},"west":{"uv":[12.1875,10.25,12.75,10.875],"rotation":0,"texture":"#0","tintindex":0},"up":{"uv":[6.125,14.1875,5.8125,13.625],"rotation":0,"texture":"#0","tintindex":0},"down":{"uv":[7.9375,13.625,7.625,14.1875],"rotation":0,"texture":"#0","tintindex":0}}},{"from":[10.327566,-2.7256346,9.84012],"to":[13.140062,1.5600796,11.554406],"rotation":{"angle":-22.5,"axis":"x","origin":[9.160154,-0.7256346,7.84012]},"faces":{"east":{"uv":[12.0,13.6875,12.1875,14.1875],"rotation":0,"texture":"#0","tintindex":0},"south":{"uv":[7.25,13.6875,7.5625,14.1875],"rotation":0,"texture":"#0","tintindex":0},"north":{"uv":[6.9375,13.6875,7.25,14.1875],"rotation":0,"texture":"#0","tintindex":0},"west":{"uv":[6.625,13.75,6.8125,14.25],"rotation":0,"texture":"#0","tintindex":0},"up":{"uv":[14.3125,10.1875,14.0,10.0],"rotation":0,"texture":"#0","tintindex":0},"down":{"uv":[14.5,1.625,14.1875,1.8125],"rotation":0,"texture":"#0","tintindex":0}}},{"from":[7.751674,3.2115483,9.470497],"to":[10.85212,4.3544054,11.756211],"rotation":{"angle":45.0,"axis":"x","origin":[9.303012,3.782977,10.613355]},"faces":{"east":{"uv":[13.3125,4.0,13.5625,4.125],"rotation":0,"texture":"#0","tintindex":0},"south":{"uv":[14.25,0.5,14.5625,0.625],"rotation":0,"texture":"#0","tintindex":0},"north":{"uv":[14.1875,1.8125,14.5,1.9375],"rotation":0,"texture":"#0","tintindex":0},"west":{"uv":[7.9375,13.625,8.1875,13.75],"rotation":0,"texture":"#0","tintindex":0},"up":{"uv":[14.3125,2.3125,14.0,2.0625],"rotation":0,"texture":"#0","tintindex":0},"down":{"uv":[2.9375,14.0,2.625,14.25],"rotation":0,"texture":"#0","tintindex":0}}},{"from":[13.160154,-1.4782295,4.1112514],"to":[13.731583,1.3789144,10.396966],"rotation":{"angle":0.0,"axis":"y","origin":[-5.196989,28.307487,5.2541084]},"faces":{"east":{"uv":[13.4375,4.75,14.125,5.0625],"rotation":0,"texture":"#0","tintindex":0},"south":{"uv":[6.875,7.0,6.9375,7.3125],"rotation":0,"texture":"#0","tintindex":0},"north":{"uv":[4.8125,6.0625,4.875,6.375],"rotation":0,"texture":"#0","tintindex":0},"west":{"uv":[6.25,13.4375,6.9375,13.75],"rotation":0,"texture":"#0","tintindex":0},"up":{"uv":[1.6875,6.1875,1.625,5.5],"rotation":0,"texture":"#0","tintindex":0},"down":{"uv":[6.375,0.0,6.3125,0.6875],"rotation":0,"texture":"#0","tintindex":0}}},{"from":[7.1721373,-2.6407032,3.9683943],"to":[10.02928,-0.6407032,5.9683943],"rotation":{"angle":22.5,"axis":"z","origin":[8.600709,-1.6407032,7.2541084]},"faces":{"east":{"uv":[8.875,1.625,9.125,1.875],"rotation":0,"texture":"#0","tintindex":0},"south":{"uv":[14.0,5.0625,14.3125,5.3125],"rotation":0,"texture":"#0","tintindex":0},"north":{"uv":[14.0,3.375,14.3125,3.625],"rotation":0,"texture":"#0","tintindex":0},"west":{"uv":[14.125,3.8125,14.375,4.0625],"rotation":0,"texture":"#0","tintindex":0},"up":{"uv":[14.3125,5.5625,14.0,5.3125],"rotation":0,"texture":"#0","tintindex":0},